-- phpMyAdmin SQL Dump
-- version 5.0.3
-- https://www.phpmyadmin.net/
--
-- Host: 127.0.0.1
-- Generation Time: Jan 10, 2021 at 10:09 PM
-- Server version: 10.4.14-MariaDB
-- PHP Version: 7.4.11

SET SQL_MODE = "NO_AUTO_VALUE_ON_ZERO";
START TRANSACTION;
SET time_zone = "+00:00";


/*!40101 SET @OLD_CHARACTER_SET_CLIENT=@@CHARACTER_SET_CLIENT */;
/*!40101 SET @OLD_CHARACTER_SET_RESULTS=@@CHARACTER_SET_RESULTS */;
/*!40101 SET @OLD_COLLATION_CONNECTION=@@COLLATION_CONNECTION */;
/*!40101 SET NAMES utf8mb4 */;

--
-- Database: `shop`
--

-- --------------------------------------------------------

--
-- Table structure for table `category`
--

CREATE TABLE `category` (
  `cid` int(11) NOT NULL,
  `kategorija` varchar(30) COLLATE utf8mb4_unicode_ci NOT NULL
) ENGINE=InnoDB DEFAULT CHARSET=utf8mb4 COLLATE=utf8mb4_unicode_ci;

--
-- Dumping data for table `category`
--

INSERT INTO `category` (`cid`, `kategorija`) VALUES
(1, 'Naučna fantastika'),
(2, 'Epska fantastika'),
(3, 'Horor');

-- --------------------------------------------------------

--
-- Table structure for table `knjige`
--

CREATE TABLE `knjige` (
  `kid` int(11) NOT NULL,
  `naslov` varchar(50) COLLATE utf8mb4_unicode_ci NOT NULL,
  `autor` varchar(50) COLLATE utf8mb4_unicode_ci NOT NULL,
  `opis` text COLLATE utf8mb4_unicode_ci NOT NULL,
  `slika` varchar(50) COLLATE utf8mb4_unicode_ci NOT NULL,
  `prodato_komada` int(11) NOT NULL DEFAULT 500,
  `cena` decimal(6,2) NOT NULL,
  `category_id` int(11) NOT NULL
) ENGINE=InnoDB DEFAULT CHARSET=utf8mb4 COLLATE=utf8mb4_unicode_ci;

--
-- Dumping data for table `knjige`
--

INSERT INTO `knjige` (`kid`, `naslov`, `autor`, `opis`, `slika`, `prodato_komada`, `cena`, `category_id`) VALUES
(1, 'Abadonova kapija', 'Džejms S. A. Kori', 'Eksplozivni treći roman u serijalu Prostranstvo.\r\n\r\nBestseler New York Timesa.\r\n\r\nGeneracijama je Sunčev sistem bio krajnja granica čovečanstva. Sve do sada. Tuđinski predmet koji obavlja svoj zadatak pod oblacima Venere pojavio se u Uranovoj orbiti, gde gradi ogromnu kapiju koja vodi u tminu lišenu zvezda.\r\n\r\nDžim Holden i posada Rosinantea deo su ogromne flotile naučnih i vojnih brodova koji su se zaputili da ispitaju taj objekt. Ali iza kulisa je pokrenut komplikovan plan sa glavnim ciljem da dovede do Holdenovog uništenja. Dok izaslanici ljudske rase pokušavaju da ustanove da li je kapija prilika ili pretnja, najveća opasnost je upravo ona koju oni donose sa sobom.\r\n\r\n„Roman koji vam ubrzava puls i nagoni vas da okrećete stranicu za stranicom... Savršeno su balansirane deonice sa razvojem likova i akcijom. Poklonicima serijala ovaj deo će se možda i najviše dopasti. Politika, filozofski ideali i humor pomešani su u priči koja će vas preneraziti i iznenaditi.“ Publishers Weekly\r\n\r\n„Velika pustolovina ravna najboljim delima spejs opere, sa najnovijom tehnologijom i grupom nezaboravnih likova, dovodi treći deo ove dramatične svemirske epopeje (posle Kalibanovog rata i Buđenja nemani) do završetka ispunjenog akcijom, sa dovoljno prostora za nove pripovesti. Ova izvrsna kolaboracija između pisaca fantastike Danijela Ejbrahama i Taja Frenka trebalo bi da ponovo pobudi interesovanje za staromodno pripovedanje i filmski ritam. Svesrdno preporučujemo.“ Library Journal\r\n\r\n„Autori izvrsno barataju uzbudljivim temama: pučevi na svemirskim bodovima i bitke prate se sa velikim uzbuđenjem.“ Washington Post\r\n\r\n„Književna spejs opera u svom apsolutno najboljem izdanju.“ io9.com \r\n', '../images/abadonova_kapija.jpg', 926, '1249.00', 1),
(2, 'Blejd Raner', 'Filip K. Dik', 'Najpoznatiji Dikov roman po kome je Ridli Skot napravio kultni film: BLADE RUNNER. Mračna vizija bliske budućnosti u kojoj su, ovoga puta, androidi žrtve progresivnog dela čovečanstva. Sjajna parabola o dehumanizovanosti, sebičnosti i ograničenosti ljudske vrste. Dik je u knjizi imao literarne i moralne snage da napravi pun krug asocijacija, što ga čini nadmoćnim u odnosu na film, koji čak ni posle \"autorske\" verzije nema potrebnu jačinu.', '../images/blejd_raner.jpg', 1254, '989.00', 1),
(3, 'Buđenje', 'Stiven King', 'Mračna i naelektrisana pripovest o zavisnosti, fanatizmu i onom što bi moglo da postoji s one strane života.\r\n\r\nSenka je pre otprilike pola veka pala preko dečačića koji se u dvorištu igrao plastičnim vojnicima, u malom gradu u Novoj Engleskoj. Džejmi Morton podigao je glavu i ugledao upečatljivog muškarca, novog sveštenika, prečasnog Čarlsa Džejkobsa, koji će uz pomoć divne supruge preobraziti lokalnu crkvu. Svi muškarci i dečaci pomalo će se zaljubiti u gospođu Džejkobs; žene i devojčice gajiće slična osećanja prema prečasnom Džejkobsu – uključujući Džejmijevu majku i voljenu sestru, Kler. Prečasni će uspostaviti dublju vezu sa Džejmijem, zasnovanu na tajnoj opsesiji. Kad tragedija zadesi porodicu Džejkobs, harizmatični sveštenik narugaće se pred preneraženom pastvom svim religioznim uverenjima i prokleti boga. Zbog toga će biti prognan iz grada.\r\n\r\nDžejmija će proganjati sopstveni demoni. Zaljubiće se u gitaru u trinaestoj, sviraće s bendovima po čitavoj zemlji i živeti nomadskim životom barskog rokenrol muzičara, bežeći od užasavajuće porodične tragedije. Trideset i neku dočekaće navučen na heroin, izgubljen i očajan. Ponovni susret sa Čarlsom Džejkobsom ostaviće duboke posledice na obojicu. Njihova veza postaće pakt, jači i od onog sa đavolom. Džejmi će otkriti da rivajval ima brojna značenja.\r\n\r\nBogato i onespokojavajuće štivo proteže se na više od pet decenija, do raspleta strašnijeg od svih koje je Stiven King napisao.\r\n\r\n\r\n„Sveža doza adrenalina i užasa... stari dobri Stiven King.“  People\r\n\r\n\"Ovo je njegovo remek-delo, gde je maestralno pokazao zašto ga svrstavaju u glavni koren američke književnosti koji seže duboko... sve do Hotorna, Poa, Melvila. \" Margaret Atvud, The New York Times Book Review \r\n', '../images/budjenje.jpg', 1113, '1156.00', 3),
(4, 'Čovek u visokom dvorcu', 'Filip K. Dik', 'Za ovaj roman Filip K. Dik dobio je nagradu „Hugo“, najviše priznanje za književno ostvarenje iz područja naučne fantastike. Tako je upravo ovim delom skrenuo na sebe pažnju književne kritike, koja ga već godinama svrstava među najistaknutije savremene majstore ovog žanra. Radnja romana smeštena je u ambijent jedne Amerike, zamišljene u situaciji u kojoj su Japan i Nemačka izašli iz Drugog svetskog rata kao pobednici. Strašna vizija ovakvog „paralelnog vremena“ – koju autor inače objašnjava kao iluziju ili ružan san – osnova je iz koje izrasta akcija protagonista romana: ljudi uhvaćenih u realistički dočaranu konstrukciju jednog neostvarenog pakla.\r\n\r\nFilip K. Dik (1928 – 1982) bio je američki pisac čija dela većinom pripadaju žanru naučne fantastike. Dik istražuje filozofske, sociološke i političke teme u romanima u kojima dominiraju korporacije, autoritarne države i izmenjeno stanje svesti. U njegovim kasnijim radovima, Dikov tematski fokus pomera se na njegove lične preokupacije metafizikom i teologijom. Dobitnik je svih najvećih nagrada iz područja fantastike i važi za jednog od najvećih pisaca u ovoj oblasti, koji je izvršio nemerljiv uticaj na celokupan žanr.\r\n', '../images/covek_u_visokom.jpg', 2563, '1560.00', 1),
(5, 'Crna kuća', 'Stiven King', 'Crna kućaje remek-delo dva najveća pripovedača našeg vremena.\r\n\r\nČini se da je cela kuća obojena u crno – ne samo daske, već svaki pedalj spoljašnosti, trem, oluci, pa čak i prozori. Sve je crno, od temelja do vrha krova. A to ne može biti moguće; u ovom bezazlenom, dobronamernom kutku sveta, čak ni najporemećeniji čovekomrzac od graditelja ne bi kuću pretvorio u njenu sopstvenu senku... zar ne? \r\n', '../images/crna_kuca.jpg', 1458, '1040.00', 3),
(6, 'Deca Hurinova', 'Dž. R. R. Tolkin', '\"Postoje priče o Srednjoj Zemlji iz vremena mnogo pre Gospodara Prstenova, a priča ispričana u ovoj knjizi smeštena je u velikoj regiji koja se nalazila na zapadu iza Sivih Luka: zemlje u kojima je Dvobradi nekada hodio, ali koje su potopljene u velikoj kataklizmi kojom je okončano Prvo razdoblje sveta.\r\nU to davno vreme, Morgot, prvi Mračni Gospodar, prebivao je na Severu, u velikoj tvrđavi Angband, Gvozdenom Paklu, a tragedija Turina i njegove sestre Nienore odvijala se pod senkom straha od Angbanda i rata koji je Morgot vodio protiv vilovnjačkih zemalja i njihovih skrivenih gradova.\r\nNjihovim kratkim i strastvenim životima dominirala je iskonska mržnja koju je Morgot gajio prema njima kao deci Hurina, čoveka koji se usudio da mu prkosi i da mu se ruga u lice. Protiv njih je poslao svog najstrašnijeg slugu, Glaurunga, moćnog duha u obliku ogromnog beskrilnog plamenog zmaja. U ovoj priči o surovom osvajanju i bekstvu, šumskim skrovištima i poterama, o otporu uprkos sve manjoj nadi, Mračni Gospodar i Zmaj prikazani su izuzetno životno i jasno.\r\nZloban i podrugljiv, Glaurung manipuliše sudbinama Turina i Nienore pomoću đavolski lukavih i prepredenih laži i ispunjava Morgotovu kletvu.“\r\n', '../images/deca_hurinova.jpg', 8574, '1850.00', 2),
(7, 'Deca Noći', 'Den Simons', '„Njegov najbolji roman do sada... Priča koja ugrize i ne pušta.“ Kirkus Reviews\r\n\r\nDrevno zlo se ponovo budi.\r\n\r\nOvaj klasični roman o vampirima, sa uvodom Dena Simonsa posebno napisanim za ovo izdanje, povešće vas na mesto koje niko ne poznaje – ali kojeg se svi bojimo.\r\n\r\nU oronulom sirotištu u postkomunističkoj Rumuniji teško bolesna beba greškom dobija transfuziju krvi – iako svi očekuju da će umreti, ona počinje da se oporavlja i razvija. Doktorka Kejt Nojman pomišlja da detetov imuni sistem možda krije tajnu leka za rak i sidu. Kejt usvaja bebu i vodi je sa sobom u Ameriku. Međutim, mali Džošua je povezan sa jednim drevnim plemenom i njegovim legendarnim vođom – Vladom Cepešom, prvobitnim Drakulom – čiji će ga ljudi kidnapovati. Uprkos nemogućim izgledima i surovim neprijateljima – i ljudskim i vampirskim – Kejt i njen saveznik, otac Majk O\'Rurk, krišom se vraćaju u Rumuniju ne bi li spasili dete.\r\n\r\n„Prema Denu Simonsu osećam strahopoštovanje.“ Stiven King\r\n\r\n„Hipnotičko putovanje kroz avetinjske i sive ruševine Rumunije devedesetih.“ Publishers Weekly\r\n\r\n„Simons nam pruža jeziv opis Rumunije neposredno posle pada Čaušeskua i vešto upliće legende o vampirima u političku istoriju da bi stvorio novo i domišljato objašnjenje vampirske želje za krvlju.“ Library Journal\r\n\r\n„Sjajne ideje... Najutemeljenije i najzanimljivije naučno objašnjenje vampirizma koje smo do sada sreli... Stranice se prosto same okreću.“ Locus\r\n', '../images/deca_noci.jpg', 3211, '785.00', 3),
(8, 'Doviđenja i hvala na svim ribama', 'Daglas Adams', 'Daleko u neistraženim zaledima jedne zabacene oblasti zapadnog spiralnogkraka Galaksije nalazi se maleno, neugledno, žuto sunce. Na njegovoj orbiti, na rastojanju od približno devedeset sedam miliona milja,nalazi se beznacajna plavozelena planeta ciji su stanovnici, koji su nastali odmajmuna, toliko primitivni da još smatraju digitalne rucne casovnike strašnozgodnom idejom.Ta planeta ima - ili, da budemo precizni, imala je - jedan problem, koji semože opisati ovako: vecina njenih stanovnika bila je uglavnom nesrecna. Kao rešenjeovog problema predlagane su mnoge stvari, ali sve su uglavnom bile povezane skretanjem nekakvih malenih, zelenih komada hartije, a to je zaista cudno, jer ti mali,zeleni komadi hartije nisu i sami bili nesrecni.Zbog toga je problem opstajao: ljudi su uglavnom bili zlovoljni, a mnogi su seosecali bedno, cak i oni sa digitalnim casovnicima.', '../images/dovidjenja.jpg', 2256, '1030.00', 1),
(9, 'Dvanaestorica', 'Džastin Kronin', 'Nastavak bestseler romana Prolaz.\r\n\r\n„Kad počnete da čitate ovu knjigu, svet oko vas će prestati da postoji.“ Stiven King\r\n\r\nProglašen za jedan od najboljih deset romana u časopisima Time i Library Journal, i za najbolju knjigu 2012. godine po mišljenju kritičara listova Washington Post, Esquire, U. S.News &World Report, NPR/On Point, St. Louis Post-Dispatch.\r\n\r\nKraj sveta je bio tek početak.\r\n\r\nU svom prethodnom romanu Prolaz, koji je naišao na izvanredne kritike i postao svetski bestseler, Džastin Kronin stvara nezaboravan sveta koji je doživeo strahovit preobražaj. Sada Kroninova epopeja galopom hrli napred, gde nas čekaju…\r\n\r\nDVANAESTORICA\r\n\r\nU današnje vreme, dok traje apokalipsa koju je čovek sam izazvao, troje neznanaca prolaze kroz haos. Lajla, lekarka i buduća majka, iako potresena nasiljem i promenama i dalje se priprema za rođenje svog deteta iako se čitavo društvo raspada oko nje. Kitridž, poznat svetu kao „Poslednje Uporište u Denveru“, primoran je da umakne iz svog utvrđenja i sada je na putu, gde izmiče zaraženima, naoružan ali sâm, i te kako svestan toga da rezervoar sa benzinom ne može da potraje večno. Ejpril je tinejdžerka koja se trudi da svog malog brata bezbedno sprovede kroz okruženje sazdano od smrti i ruševina. Njih troje će saznati da nisu sasvim napušteni i da se u njihovoj međusobnoj vezi krije nada, čak i u najcrnjoj noći.\r\n\r\nStotinu godina kasnije u budućnosti, Ejmi i ostali se i dalje bore za spasenje čovečanstva... nesvesni toga da su se pravila promenila. Neprijatelj je evoluirao i novi mračni poredak sazdan je na viziji mračne budućnosti koja premašuje puko uništenje ljudske vrste. Ako Dvanaestorica moraju pasti, jedan od onih koji su se udružili da ih poraze moraće da plati najvišu cenu za to.\r\n\r\nNapisan majstorskom književnom rukom, ovo je triler od kog će vam zastati srce. Roman Dvanaestorica je veličanstvena i neponoljiva priča o žrtvovanju i opstanku.\r\n\r\n„Zanosno delo koje će vas naterati da do kasno u noć ostavite upaljeno svetlo.“ The Dallas Morning News\r\n\r\n„Veličanstveno zastrašujuće.“ Entertainment Weekly\r\n\r\n„Iskustvo koje vas hipnotiše.“ Salon\r\n', '../images/dvanaestorica.jpg', 524, '880.00', 3),
(10, 'Farenhajt 451', 'Rej Bredberi', 'Remek-delo dvadesetog veka.\r\n\r\nGaj Montag je vatrogasac. U njegovom svetu dominira televizijski program, literatura je „vrsta na ivici izumiranja“, a vatrogasci češće raspiruju vatre nego što ih gase. Njegov posao je da uništava najilegalniju robu – štampane knjige, a zajedno s njima i kuće u kojima su skrivane.\r\n\r\nMontag je zadovoljan svojim poslom i nikada se nije zapitao o posledicama toga što radi. Svakog dana vraća se kući svom jednoličnom životu sa ispraznom suprugom Mildred koja dane provodi u društvu svoje televizijske „porodice“. Sve dok ne upozna mladu Klaris koja će mu pričati o prošlim vremenima kada ljudi nisu živeli u strahu i kada su smeli da imaju svoje ideje umesto onih koje propoveda televizija.\r\n\r\nNakon što Mildred pokuša da se ubije, a Klaris nestane, Montag će početi da preispituje sebe i svet u kojem živi. Poznanstvo sa profesorom odmetnikom preokrenuće njegovu sudbinu.\r\n\r\n„Maestralno! Ovo slavno delo savremene američke književnosti već je postalo klasik: ako ste mladi, čitanje ove knjige bi vam moglo doneti iskustvo koje će vas zauvek promeniti; ako ste stariji, ono će vas impresionirati.“ The Boston Globe\r\n\r\n„Zastrašujuć u svojim implikacijama, ovaj roman donosi Bredberijevu viziju pomahnitalog sveta koji umnogome podseća na naš. Izvanredno delo!“ The New York Times\r\n', '../images/farenhajt_451.jpg', 3265, '1040.00', 1),
(11, 'Gnusno', 'Den Simons', 'Autor bestselera Teror i Drud. \r\n \r\nJeziva priča o smrti i opstanku na snežnim vrhovima Mont Everesta.\r\n\r\nGodina je 1924. a trka do vrha najviše planine na svetu prekinuta je šokantnim nestankom Džordža Malorija i Sendija Irvina na velikim visinama Mont Everesta. Do kraja godine tri planinara – britanski pesnik i veteran iz Prvog svetskog rata, mladi francuski vodič iz Šamonija i mladi američki idealista – koriste svoju priliku da se popnu do vrha. Sredstva im obezbeđuje ožalošćena ledi Bromli čiji je sin takođe nestao na Mont Everestu 1924. Mladi Bromli mora biti da je mrtav, ali njegova majka odbija da poveruje u to i plaća im da ga pronađu i vrate kući.\r\n\r\nDuboko na Tibetu i visoko na Everestu tri planinara, koje spaja majka nestalog mladića, cele noći prati neko... ili nešto. Košmar se pretvara u pitanje života i smrti na 8500 metara nadmorske visine. Ali šta ih to prati? I šta se krije iza nestanaka na Mont Everestu 1924? Dok se probijaju do vrha sveta, tri prijatelja otkrivaju tajnu gnusniju od bilo kakvog mitskog bića.\r\n\r\nGnusno je avantura prepuna neizvesnosti u kojoj Den Simons spaja istorijske činjenice sa hororom – roman koji će vam zalediti krv u žilama.\r\n\r\n„Prema Denu Simonsu osećam strahopoštovanje.“ Stiven King\r\n\r\n„Den Simons je div među piscima.“ Linkoln Čajld\r\n\r\n„Veliki američki pisac je ispričao najneverovatniju priču o Everestu do sada.“ Nives Meroi\r\n\r\n', '../images/gnusno.jpg', 4415, '1400.00', 3),
(12, 'Gospodar prstenova - komplet', 'Dž. R. R. Tolkin', 'Tolkinove fantastične povesti Srednjeg sveta nastale su kada je on, kao i mnogi očevi, počeo da izmišlja priče za svoje sinove, priče koje su polako izrastale u stvarnost čitavog jednog nepostojećeg sveta. A onda se, leta 1930, desilo nešto presudno za rođenje jedne od najvećih knjiga XX veka.\r\n\r\n„Sedeo sam i pregledao školske testove. Jedan učenik milostivo je ostavio jednu stranicu praznu, što je najbolja stvar koja se može dogoditi onome ko pregleda radove. Na tom praznom listu ja sam naškrabao: ’U jednoj rupi u zemlji živeo je Hobit’. Niti sam tada znao niti sad znam zašto. U mom slučaju uvek su prvo nastajala imena, i ona su pokretala priču u mojoj glavi. Na kraju sam samo pomislio da bi bilo dobro da saznam šta je to Hobit, i šta on radi u toj rupi u zemlji.”\r\n\r\nUbrzo je Tolkin nacrtao i mapu sveta u kojem obitavaju Hobiti (tzv. Trorovu mapu), ispisao toponime, a onda se sve to dugo, dugo krčkalo u njemu. Nekoliko godina potom priča je počela da se raspliće sama od sebe, a pisac je imao osećaj ne da izmišlja nego da objavljuje priču koja „negde” već postoji. Bilo kako bilo, objašnjenje ko su i čime se bave Hobiti stiglo je pred engleske čitaoce 1937. godine, u romanu pod nazivom Hobit. Obimnu trilogiju Gospodar Prstenova - Družina Prstena, Dve kule i Povratak kralja – Tolkin je pisao od 1936. do 1949. godine. Prva dva dela izašla su tek 1954. godine, a treći godinu kasnije. Tolkin postaje jedan od najčitanijih pisaca svog vremena, a zanimanje za Gospodara Prstenova ne jenjava.\r\n\r\nMnogo je rasprava napisano o tome šta je Tolkin hteo da kaže svojim delom, i da li je, s obzirom na vreme nastanka romana, stvarajući likove zlih Orka mislio na naciste ili na komuniste. Osim u političkom, Gospodara Prstenova tumačili su mnogi i u filozofskom, religijskom, kulturološkom, pa čak i ezoteričnom ključu. Tolkin, ratni veteran Prvog svetskog rata koji je u bici na Somi izgubio sve svoje prijatelje, odgovarao im je kako ne podnosi alegoriju niti ga zanimaju knjige „s tezom”.\r\n', '../images/gospodar.jpg', 12228, '4860.00', 2),
(13, 'Grad i grad', 'Čajna Mjevil', 'Ovo je dosad najpotpuniji roman Čajne Mjevila – egzistencijalni krimi-roman koji doseže čudesne metafizičke i umetničke visine.\r\n\r\nKada u nesvakidašnjem, oronulom gradu Beselu, negde na rubu Evrope, otkriju telo ubijene žene inspektor Borlu iz Jedinice za ekstremne zločine smatra da će to biti rutinski slučaj. No kako istraga napreduje, dokazi počinju da ukazuju na zavere koje su daleko čudnije i pogubnije nego što je slutio. Ubrzo, istraga postaje preopasna i za njega i za one do kojih mu je stalo i Borlu mora da pređe granicu kakva ne postoji nigde drugde i otputuje u jedinu metropolu na Zemlji koja je podjednako čudna kao i njegov grad.\r\n\r\n„Često se olako pozivamo na Kafku i Orvela u vezi sa svime što makar i malčice prevazilazi običnost, ali u ovom slučaju imamo pisca dostojnog poređenja s njima.“ Times\r\n\r\n„Fikcija novog veka.“ Nil Gejman\r\n\r\n„Smela i uznemirujuća knjiga.“ Volter Mozli\r\n\r\n„Odličan roman na temu policijskog procesa i predivna urbana fantastika, ovo je osnovno štivo za sve ljubitelje detektivskog i fantastičnog romana.“ Booklist\r\n\r\n„Kad bi duhovno čedo Filipa K. Dika i Rejmonda Čandlera odgajio Franc Kafka, delo koje bi iz toga nastalo podsećalo bi na Mjevilov roman Grad i grad.“ Los Angeles Times\r\n', '../images/grad_i_grad.jpg', 1366, '1054.00', 1),
(14, 'Grad ogledala', 'Džastin Kronin', 'Više nema sveta koji poznajemo. Kakav će svet nastati umesto njega?\r\n\r\nZavršnica serijala Prolaz.\r\n\r\nProšli ste Prolazom. Suočili ste se sa Dvanaestoricom. Sad stupite u Grad ogledala gde ćete prisustvovati konačnom obračunu. Dok bestseler epopeja hita prema zaprepašćujućoj završnici, Kroninova grupa preživelih čeka na drugi dolazak neopisive tame.\r\n\r\nDvanaestorica su uništena i zastrašujuća stogodišnja vladavina mraka koji se spustio na svet okončana je. Preživeli izlaze van svojih zidina, odlučni da iznova sagrade društvo – i dovoljno smeli da sanjaju budućnost ispunjenu nadom.\r\n\r\nAli daleko od njih, u mrtvoj metropoli, čeka on: Nulti. Prvi. Otac Dvanaestorice. Jad koji je mu je uništio ljudski život proganja ga, a mržnja izazvana njegovim preobražajem jarko plamti. Umiriće svoj bes samo ako uništi Ejmi – jedinu nadu čovečanstva, Devojčicu Niotkuda, koja je odrasla kako bi mu se suprotstavila.\r\n\r\nPoslednji put, sudariće se svetlost i tama, a Ejmi i njeni prijatelji konačno će saznati svoj usud.\r\n\r\n„Grad ogledala je poezija. Književno raskošno delo, jezički divno, čak i kada je sama akcija mračna i nasilna.“ The Huffington Post\r\n\r\n„Ovo je uzbudljivo finale trilogije koja će ostati istaknuta kao jedno od velikih dostignuća američke fantastične proze.“ Stiven King\r\n', '../images/grad_ogledala.jpg', 2254, '1450.00', 3),
(15, 'Hiperion', 'Den Simons', 'Na svetu zvanom Hiperion, izvan domašaja zakona Hegemonije Čoveka, čeka stvorenje zvano Šrajk. Ima onih koji ga obožavaju. Ima onih koji ga se plaše. A ima i onih koji su se zarekli da će ga uništiti. U dolini Vremenskih grobnica, gde se ogromne građevine kreću unazad kroz vreme, Šrajk čeka njihov dolazak.\r\n\r\nU predvečerje Armagedona, dok čitava galaksija ratuje, sedam hodočasnika polazi na poslednje putovanje na Hiperion, u potrazi za odgovorima na nerazrešene zagonetke svojih života. Svaki hodočasnik u sebi nosi očajničku nadu – i strašnu tajnu. A jedan možda drži u rukama sudbinu celog čovečanstva.\r\n\r\nOvo zapanjujuće remek-delo pisca Iliona i Leta noći prvi je deo izuzetne naučnofantastične epopeje i dobitnik je ugledne nagrade Hjugo (Hugo Award).\r\n', '../images/hiperion.jpg', 9578, '1250.00', 1),
(16, 'Hobit', 'Dž. R. R. Tolkin', 'The Hobbit is the unforgettable story of Bilbo, a peace-loving hobbit, who embarks on a strange and magical adventure.\r\n\r\nA timeless classic.\r\n\r\nBilbo Baggins enjoys a quiet and contented life, with no desire to travel far from the comforts of home; then one day the wizard Gandalf and a band of dwarves arrive unexpectedly and enlist his services – as a burglar – on a dangerous expedition to raid the treasure-hoard of Smaug the dragon. Bilbo’s life is never to be the same again.\r\n\r\nSeldom has any book been so widely read and loved as J. R. R. Tolkien’s classic tale, ‘The Hobbit’. Since its first publication in 1937 it has remained in print to delight each new generation of readers all over the world, and its hero, Bilbo Baggins, has taken his place among the ranks of the immortals of fiction.\r\n', '../images/hobit.jpg', 9576, '1040.00', 2),
(17, 'Hronike Ambera', 'Rodžer Zelazni', 'Serijal Hronike Ambera je klasik fantastike, šestostruki je dobitnik nagrade Hugo i trostruki dobitnik nagrade Nebula.\r\nSastoji se od deset delova objavljivanih između 1970. i 1991. godine. Ovaj tom sadrži prva dva romana: Devet prinčeva Ambera i Puške Avalona.\r\n\r\nAmber je jedini stvaran svet, a svi ostali svetovi njegovi su odrazi – tek Senke, kojima pripadnici kraljevske loze Ambera mogu da barataju, da ih menjaju, kreću se među njima i možda ih i stvaraju. Kraljevsku porodicu, međutim, rastržu ljubomora i sumnja. Nestanak patrijarha Oberona samo je još pojačao međusobne sukobe i trvenja. Presto je ostao prazan, naslednik nije proglašen i čini se da bi ga ma ko od pretendenata mogao prigrabiti za sebe.\r\n\r\nHronike počinju na Zemlji u Senkama – našoj Zemlji – u bolnici, gde se jedan čovek oporavlja od automobilske nesreće. Pati od amnezije, ali svejedno ga progone sećanja na jedan grad i teraju ga da istražuje: ko je, šta je, kako je tu dospeo i šta se zapravo dešava.\r\n\r\n„Vanserijski vrsna fantastika.“ The Washington Post Book World\r\n', '../images/hronike_ambera.jpg', 4215, '5690.00', 2),
(18, 'Igra prestola', 'Džordž R. R. Martin', 'U \"IGRI PRESTOLA\", Džordž R.R. Martin je stvorio istinsko remek-delo, objedinivši sve ono najbolje što žanr epske fantastike može da pruži. Magija, spletke, romanse i pustolovine ispunjavaju stranice prvog toma ovog epskog serijala, koji će zasigurno oduševiti ne samo ljubitelje žanra, već i mnogo širi krug čitalaca.  \r\n\r\nNad zemljom u kojoj leta mogu trajati decenijama, a zime pokolenjima, nadvili su se crni oblaci. Ledeni vetrovi ponovo duvaju i u snežnim bespućima severno od Zimovrela, mračne i natprirodne sile okupljaju se iza velikog zida koji štiti kraljevstvo.\r\n\r\nU središtu sukoba nalazi se porodica Stark od Zimovrela, ljudi nepopustljivih i tvrdih kao što je i zemlja kojom vladaju. Prostirući se od predela okovanih surovom hladnoćom do dalekog letnjeg kraljevstva obilja i raskoši, ovo je priča o vitezovima i damama, vojnicima i čarobnjacima, plaćenim ubicama i kopiladima, ljudima koji žive u vremenu zlih predskazanja. Kroz mnoge zavere i spletke, tragedije i izdajstva, bitke i opsade, rešava se sudbina porodice Stark, njihovih saveznika i neprijatelja, dok svi oni pokušavaju da pobede u toj najsmrtonosnijoj od svih igara: igri prestola.\r\n', '../images/igra_prestola.jpg', 8573, '1490.00', 2),
(19, 'Ilion', 'Den Simons', 'Sa visova Olimpus Monsa na Marsu moćni Zevs i njegova besmrtna porodica bogova, boginja i polubogova gledaju strahovitu borbu i posmatraju – a često i utiču na – legendarne podvige Parisa, Ahileja, Hektora, Odiseja i sukobljenih vojski Grka i Trojanaca.\r\n\r\nTomas Hokenberi, nekadašnji profesor iz dvadeset prvog veka i izučavalac Ilijade takođe posmatra. Hokenberijeva dužnost je da posmatra i izveštava o tome kako se odvija Trojanski rat za takozvana božanstva koja su smatrala da će im koristiti ako ga vrate iz mrtvih. Ali muza kojoj služi ima za umornog naučnika novi zadatak, po nalogu Afrodite lično. Uz pomoć tehnologije četrdesetog veka, Hokenberi treba da se ubaci na Olimp, špijunira njegove božanske stanovnike... i konačno uništi Afroditinu sestru i suparnicu, boginju Paladu Atenu.\r\n\r\nNa Zemlji koja je suštinski izmenjena posle odlaska Post-ljudi vekovima ranije, veliki događaji na krvavim ravnicama Iliona služe kao puka zabava. Prizori neprikosnovenog junaštva i neuporedivog pokolja unose uzbuđenja u život ljudi lišenih hrabrosti, muka, rada i svrhe. Ali takva egzistencija nije dovoljna za Harmena, čoveka koji živi poslednju godinu svoje poslednje Dvadesetice. Taj najređi od svih post-postmodernih ljudi – „avanturista“ – namerava da istraži prostore daleko izvan granica svog sveta pre isteka vremena koje mu je dodeljeno, u potrazi za izgubljenom prošlošću, razornom istinom i bekstvom od sopstvenog neumitnog „poslednjeg faksa“. U međuvremenu, iz dalekih prostora Jupiterovog svemira četiri rase razumnih mašina utrkuju se u istrazi – i, moguće, okončanju – potencijalno katastrofalnih emisija neobjašnjivog kvantnog fluksa koje potiču sa vrha planine kilometrima iznad teraformirane površine Marsa...\r\n\r\nPrva knjiga izuzetne dvodelne epopeje koja će biti okončana Olimpom, Simonsov Ilion je pustolovina koja oduzima dah, ogromnog raspona i imaginacije, i kreće se kroz vreme i prostor kako bi spojila tri naizgled različite priče na svež, uzbudljiv i potpuno neočekivan način. Uistinu majstorsko delo naučne fantastike i verovatno najbolje Simonsovo dostignuće do sada, u već izuzetnom književnom opusu.\r\n', '../images/ilion.jpg', 6560, '1460.00', 1),
(20, 'Kob poglavara Kletnika', 'Stiven Donaldson', 'Hronike Tomasa Kovenanta Nevernika, trilogija koja je ugledala svetlost dana 1977. godine, danas je širom sveta priznata kao jedino delo epske fantastike koje može da se poredi s Tolkinovim Gospodarom prstenova, kako po lepoti naracije, tako i po bogatstvu i dubini sadržaja. Tomas Kovenant, prognan iz ovog sveta, dospeva u Domaju, gde će steći nadimak Nevernik, jer ne veruje u svet u kojem se nalazi. On je u Domaji reinkarnacija velikog heroja Bereka Troprsta, koji jedini može da se suprotstavi zlu u liku Poglavara Kletnika. I kao što se radnja Tolkinovog dela okreće oko čudesnog Prstena, ovde je Kamen Zlozemlja oštra linija sukoba dobra i zla.', '../images/kob.jpg', 1250, '1280.00', 2),
(21, 'Kontakt', 'Karl Segan', '\"Kontakt\" je roman autora TV serije i knjige \"Kosmos\", po kojem je snimljen uspešan film. Sagan govori o prvom kontaktu ljudske rase s vanzemaljskim civilizacijama. Jedan Odabrani - ONA, putuje među zvezde. Karl Sagan je u \"Kosmosu\" objasnio Univerzum. U \"Kontaktu\" je predvideo njegovu budućnost i budućnost ljudske rase.', '../images/kontakt.jpg', 7210, '1230.00', 1),
(22, 'Kosmos', 'Karl Sagan', 'Naši su preci strastveno želeli da spoznaju svet, ali nije im se posrećilo da pronađu pravi način. Zato su sebi stvorili sliku malog, ljupkog, čudesnog sveta kojim vladaju bogovi... Danas posedujemo prvoklasno i moćno sredstvo za spoznavanje svemira − nauku. Otkrili smo da je svemir toliko star i toliko veliki da na prvi pogled sve ljudsko deluje beznačajno. Odvojili smo se... ', '../images/kosmos.jpg', 950, '2210.00', 1),
(23, 'Kuca lanaca', 'Stiven Erikson', '„Epska priča koja vas nagoni da tražite još.“ Stiven R. Donaldson\r\n\r\nU Severnom Dženabakisu, pljačkaška družina plemenskih ratnika spušta se s planina u niziju na jugu. Nameravaju da poseju smrt među omraženim nizijcima, ali za Karsu Orlonga to označava početak ispunjenja neverovatne sudbine.\r\n\r\nNekoliko godina kasnije, pratimo događanja neposredno nakon Lanca pasa. Tavore, nova caričina vrhovna zapovednica, stiže u poslednje malaško uporište u Sedam gradova. Iako je tek odnedavno na tom položaju, mora da izbrusi dvanaest hiljada vojnika, mahom novih, ako se izuzme šačica veterana iz Koltejnovog legendarnog putešestvija, u silu sposobnu da zarati protiv hordi Ša’ikinog Vihora koje čekaju u samom srcu Svete pustinje.\r\n\r\nAli čekanje nije uvek lako. Proročicini ratni poglavari upleli su se u borbu za moć koja preti i samoj duši pobune. Za to vreme Ša’ik pati – pohodi je to što vrlo dobro zna ko joj je neprijatelj: njena rođena sestra Tavore.\r\n\r\nI time počinje ovo novo zadivljujuće poglavlje čuvene Malaške knjige Palih Stivena Eriksona...\r\n\r\n„Svakako najbolji serijal epske fantastike u poslednjoj deceniji.“ SF SITE\r\n', '../images/kuca_lanaca.jpg', 500, '1750.00', 2),
(25, 'Marsovac', 'Endi Vir', 'Bestseler Njujork tajmsa, knjiga koja je postala fenomen i pre nego što je objavljena.\r\n\r\n„Pretpostavljam da će na kraju neko ipak naći ove beleške. Možda za sto godina... Samo da se zna: nisam umro šestog sola. Ostatak posade je svakako mislio da sam skončao i ne mogu da ih krivim. Možda će zbog moje smrti proglasiti Dan nacionalne žalosti, možda će na mojoj stranici Vikipedije pisati: Mark Vatni je jedini čovek koji je umro na Marsu. I verovatno će biti u pravu. Zato što ću sigurno umreti ovde. Onda, da vidimo... Odakle da počnem?“\r\n\r\nMark Vatni, astronaut iz misije Ares, sticajem nesrećnih okolnosti ostao je na Marsu, a posada njegovog broda ubeđena je da je Mark skončao na Crvenoj planeti. Ali Vatni je odlučio da se ne preda...\r\n\r\n„Oštroumna, duhovita i napeta priča, s pravom merom štreberskog entuzijazma.“ Kirkus rivju\r\n\r\n„Briljantno... himna ljudskoj pronicljivosti [i] najautentičniji, najuzbudljiviji naučnofantastični roman u poslednjih mnogo godina.“ Volstrit džurnal\r\n\r\n„Kada vam dvoje ljudi koji se ne poznaju preporuče istu knjigu, nema sumnje da na nju treba obratiti pažnju... Sjajna knjiga, vrhunska u svom žanru.“ Njujork tajms\r\n\r\n„Napeta od početka do kraja, priča u kojoj se nije potkralo ni jedno jedino zrnce neuverljivosti. Nemoguće je oteti se utisku da bi ono što je opisano u Marsovcu moglo uistinu da se desi.“ Patrik Li, autor Begunca, bestselera Njujork tajmsa\r\n', '../images/marsovac.jpg', 4250, '1020.00', 1),
(26, 'Muzika tisine', 'Patrik Rotfus', 'Priča o Ori, jednom od najtajanstvenijih likova Hronike o kraljoubici.\r\n\r\nDuboko ispod Univerziteta postoji jedno mračno mesto. Malo njih zna za njega: isprekidana mreža drevnih hodnika i napuštenih soba. Jedna devojka živi tamo, skrivena među tunelima koji se Dole prostiru unedogled, ušuškana u srcu ovog zaboravljenog mesta.\r\n\r\nIme joj je Ori i krije mnogo tajni.\r\n\r\nMuzika tišine je kratak, setan pogled na Orin život, njena mala avantura. Istovremeno puna radosti i pretnje, ova priča nam prikazuje svet viđen njenim očima. I daje nam priliku da saznamo stvari koje samo Ori zna...\r\n\r\nOvom knjigom Patrik Rotfus nas uvodi u svet jednog od najtajanstvenijih likova Hronike o kraljoubici. Puna tajni i misterija, Muzika tišine je priča o slomljenoj devojci koja pokušava da živi u slomljenom svetu.\r\n\r\n„Majstorski napisana epska priča od koje zastaje dah, a čija će vas intimnost duboko dirnuti.“ Publishers Weekly\r\n\r\n„Rotfus piše epski poput Džordana i sa narativnim nabojem 1001 noći. Njegovo novo remek-delo sigurno će privući sve ljubitelje fantastike.“ Library Journal\r\n\r\n„Retko je zadovoljstvo naći pisca fantastike koji piše s istinskom muzikom u rečima. Gde god da krene, Pat Rotfus će nas povesti sa sobom poput pesme dobrog trubadura.“ Ursula K. Legvin\r\n\r\n„Patov stil poseduje lepotu koju je teško opisati.“ Brendon Sanderson\r\n\r\n„Patrik Rotfus je izuzetno talentovan, a njegova priča je dubokoumna, intrigantna i čudesna.“ Teri Bruks\r\n', '../images/muzika_tisine.jpg', 500, '1200.00', 2),
(27, 'Nezavršene priče', 'Dž. R. R. Tolkin', 'Predstavljamo vam još jedno doterano i delimično prerađeno izdanje dela iz Tolkinovog fascinantnog opusa. Reč je o Nezavršenim pričama, materijalu iz piščeve zaostavštine koji je Kristofer Tolkin, sin i naslednik prava na dela Dž. R. R. Tolkina sakupio, objedinio i uredio kao neku vrstu vodiča za one koji žele da steknu dublji i detaljniji uvid u nastanak Tolkinovog izmaštanog univerzuma. Ima tu dopisanih i dopričanih priča čitaocima poznatih iz Hobita i Gospodara prstenova, kao i onih iz Tolkinovih posthumno objavljenih dela Silmarilion i Deca Hurinova, ali i onih ranije nepoznatih koje zaokružuju i dopunjuju hroniku Srednjeg sveta...\r\n\r\nZa ovo izdanje iskoristili smo postojeći prevod, koji je pomno pročitan, dopravljen gde je to bilo potrebno, i na svim važnim mestima usaglašen s postojećim i novim prevodima Tolkinovih knjiga koje smo već objavili. Preduzet je veliki posao popisivanja likova i važnih pojmova, delova i lokaliteta Tolkinovog sveta, i napravljen je indeks ujednačen sa onim prethodno urađenim za novo izdanje romana Silmarilion.\r\n\r\nU Nezavršenim pričama se ljubiteljima Tolkinovog imaginarnog univerzuma daje pregled pozadinskih zbivanja vezanih za događaje od najstarijih dana Srednjeg sveta do vremena Rata za Prsten. Tu su, pored ostalih, jedina sačuvana priča iz Numenora pre njegovog pada, alternativna verzija sage o Hurinovoj deci, vilovnjačke legende o ljubavi Galadrijele i Keleborna, Amrota i Nimrodele, precizan opis vojne organizacije Jahača Rohana, zatim sve što se zna o prirodi i poreklu Palantira i istoriji Reda Čarobnjaka, kome su pripadali Gandalf i Saruman, a čitaoci će moći da saznaju i kako se iz mora kod Vinjamara pred Tuorom ukazao božanski lik Ulma, Gospodara Voda, ili kako i zašto je Gandalf poslao Patuljke u Bagremovu ulicu kao nezvane goste kod Bilba Baginsa, i time pokrenuo lanac događaja koji će odrediti sudbinu Srednjeg sveta…\r\n\r\nČitajte iznova, u novom ruhu, jednog od najvećih i najvoljenijih pisaca XX veka.\r\n', '../images/nezavrsene_price.jpg', 3650, '1850.00', 2),
(28, 'Olimp', 'Den Simons', 'Den Simons, pisac sage o Hiperionu i dobitnik mnogih nagrada, vraća se sa željno očekivanim zaključkom naučnofantastične epopeje Ilion, koja je naišla na topao prijem kritike i bila nominovana za nagradu Hugo.\r\n\r\nRoman od kojeg zastaje dah, kako zbog opsega, tako i zbog koncepta, Olimp donosi genijalnu sliku katastrofalne budućnosti u kojoj besmrtni „post-ljudi“ visoko na stvarnoj gori Olimp na Marsu ponovo režiraju Trojanski rat sopstvene zabave radi, dok jadni ostaci čovečanstva moraju da se suoče s krajnjim uništenjem.\r\n\r\nNebrojeno vekova, ti malobrojni staromodni ljudi koji su preostali na Zemlji nisu znali ni za kakve muke, napor ili odgovornost i svi su se zadovoljavali time da prožive sledovanje od stotinu godina u neupitnom blagostanju. Ali praktično preko noći i iz razloga koji ne mogu da pojme, svet oko njih zauvek se izmenio. Vojniksi – strašna i brza stvorenja koja su se donedavno starala o svim njihovim potrebama – sada se gomilaju u milionima samo sa jednim užasnim ciljem: da potpuno eliminišu ljudsku rasu...\r\n\r\nMonumentalno delo koje briše često proizvoljno postavljenu granicu između naučne fantastike i velike književnosti: Olimp Dena Simonsa, zajedno sa svojim izvanrednim prethodnikom, Ilionom, određuje nove standarde žanra i potvrđuje Simonsov ugled jednog od najoriginalnijih pisaca koji se trenutno bave spekulativnom prozom.\r\n', '../images/olimp.jpg', 3650, '1030.00', 1),
(29, 'Pad Hiperiona', 'Den Simons', 'U fantastičnom nastavku epske avanture započete u Hiperionu, Simons nas vraća u daleku budućnost na dramatičan i inventivan način. Tajanstvene Vremenske Grobnice se otvaraju. A tajne koje sadrže podrazumevaju da više ništa – ništa u čitavoj vasioni – neće biti kao pre.\r\n\r\nZemlja je odavno uništena, a čovečanstvo sada nastanjuje više od 150 svetova povezanih Mrežom, sistemom trenutnog putovanja koji su stvorile i njime upravljaju veštačke inteligencije, samosvesni, savršeni računari. Ovi svetovi spremaju se da zarate sa ogrankom ljudske rase koja je prezrela zavisnost od veštačkih inteligencija. Rizik uništenja preti planeti Hiperion, njenim Vremenskim Grobnicama koje putuju unazad kroz vreme i bogu Šrajku – vesniku bola i odmazde. Pripovedanje je usredsređeno na Mrežu i njenog vođu, Meinu Gledston, iz perspektive Džozefa Severna, kibernetske rekonstrukcije pesnika Džona Kitsa, te na sedam hodočasnika koji pohode Šrajka i mogu uticati na ishod rata. Simons suprotstavlja dobro i zlo, a religije čoveka i mašina bore se za nadmoć. I pored tako epskih proporcija priče, autor osvaja srca čitalaca krajnje humanim likovima od čijih postupaka zavisi sudbina vascelog čovečanstva.\r\n', '../images/pad_hiperiona.jpg', 500, '1220.00', 1),
(31, 'Plime ponoći', 'Stiven Erikson', 'Pripovest iz Malaške knjige Palih.\r\n\r\nNakon decenija krvavih sukoba, tisteedurska plemena su se konačno ujedinila pod vođstvom kralja vešca. Zavladao je mir – ali je plaćena užasna cena: pakt je sklopljen s tajnovitom silom čije su pobude u najmanju ruku sumnjive, a najverovatnije kobne.\r\n\r\nNa jugu, lakomo kraljevstvo Leter s nestrpljenjem nastoji da ispuni svoju odavno prorokovanu ulogu kao preporođeno carstvo. Porobilo je redom sve manje civilizovane susedne narode. To jest, sve osim Tiste Edura. Sudbina je htela da i oni moraju pasti. Pa ipak su predstojeće borbe ova dva naroda tek bledi odraz jednog iskonskijeg sukoba. Drevne sile se okupljaju, a s njima dolazi još sveža rana stare izdaje koja žudi za osvetom...\r\n\r\n„Najznačajnije delo u žanru epske fantastike od Donaldsonovih Hronika Tomasa Kovenanta.“ SF Site\r\n', '../images/plime_ponoci.jpg', 500, '1890.00', 2),
(33, 'Polusestra', 'R.L.Stajn', 'Emili želi da joj se nova polusestra dopadne. Ali Džesi baš i ne sarađuje. Čim se uselila, zauzima Emilinu sobu, oblači njenu odeću, noću tajno razgovara sa njenog telefona – a to je tek početak!\r\n\r\nZa tili čas, Emili živi u strahu od polusestre. Pokušava da se požali roditeljima. Ali Džesi tako dobro laže da Emili niko ne veruje!\r\n\r\nNjen užas samo je veći kad iz Džesinog dnevnika sazna jezivu tajnu iz prošlosti. Da li je Džesi stvarno ubica? Planira da ponovo ubije? Emili mora razotkriti mračnu tajnu. Život joj od toga zavisi!\r\n', '../images/polusestra.jpg', 500, '990.00', 3),
(34, 'Presto od lobanja', 'Piter V. Bret', '„Od ovoga srce lupa i adrenalin skače. Skoro savršen krešendo.“ Book Frivolity\r\n\r\nKrazijski presto od lobanja stoji upražnjen.\r\n\r\nOvaj presto, sačinjen od lobanja palih generala i demonskih prinčeva – presto koji krase čast i drevna, moćna magija – zadržava utrobnike na odstojanju. Trebalo je da s tog prestola Aman Džardir osvoji svet, da razjedinjene narode združi u složnu vojsku i jednom zasvagda završi rat s demonima.\r\n\r\nIpak, Arlen Stog, Iscrtani Čovek, usprotivio se ovome i izazvao je Džardira na dvoboj; ovaj nije časno mogao odbiti. Radije nego da rizikuje poraz, Arlen se baca s litice i povlači protivnika za sobom, a svet ostavlja bez Izbavitelja; ovim počinje borba između mogućih naslednika, koja preti da rastrgne tezanske Slobodne gradove na komade.\r\n\r\nNa jugu se Inevera, prva Džardirova supruga, upinje da spreči sinove da se poubijaju i započnu građanski rat, a oni se grabe za slavu ne bi li preoteli presto.\r\n\r\nNa severu se Liša Papirdžija i Rodžer Krčmar muče da vojvodstva Anžije i Miln nateraju u savez protiv Krazijaca dok ne bude kasno.\r\n\r\nUhvaćeno u unakrsnoj vatri nalazi se vojvodstvo Lakton – bogato, nezaštićeno i dušu dalo za osvajanje.\r\n\r\nZa sve to vreme utrobnici samo jačaju, a bez Arlena i Džardira možda nema nikog dovoljno snažnog da ih zaustavi. Samo Rena Stog verovatno zna nešto o sudbini dvojice iščezlih, ali, s druge strane, i ona je nestala...\r\n\r\n„Čim otvorite Presto od lobanja, postaje vam jasno da Bret tačno zna šta radi... Bretu njegov svet i likovi omogućavaju da priča epsku fantazijsku priču i na globalnom i na ličnom nivou. Stranice se naprosto same okreću; ova je možda najbolja do sada.“ Starburst Magazine\r\n\r\n„Sjajan dodatak sjajnom serijalu.“ Majk Kol, pisac\r\n', '../images/presto.jpg', 500, '1460.00', 2),
(35, 'Prvorođeni', 'Artur Klark i Stiven Bakster', 'Završetak Vremenske odiseje.   Prvorođeni, misterioznu rasu vanzemaljaca, pokušavaju da zaustave razvoj ljudske civilizacije primenjujući tehnologiju koja se graniči s magijom.\r\n\r\nNjihovo prvo delo bio je Diskontiuitet, u kome su sa Zemlje izdvojeni segmenti iz različitih istorijskih epoha i potom ponovo spojeni u jedan novi svet nalik na „pačvork“. Taj čudni, novi svet dobio je i novo ime: Mir. Bizeza Dat, članica Ujedinjenih nacija Mira stupila je u komunikaciju s tuđinskim artefaktom. Njegova svrha je bila nedokučiva, a moć božanska – moć koja ju je konačno vratila na Zemlju, gde je odigrala važnu ulogu u trci čovečanstva s vremenom, u pokušaju da spreči sudnji dan: moćnu oluju sa Sunca koju su Prvorođeni izazvali u želji da istrebe život s planete. Kataklizma je bila sprečena uz nezamislivo visoku cenu. Sada, dvadeset sedam godina kasnije, Prvorođeni su opet tu.   \r\n\r\nOvog puta oni napadaju svom snagom: prema Zemlji upućuju „kvantnu bombu“. Mehanizam tog kosmološkog oružja naučnicima ljudskog roda gotovo je nedokučiv. Bomba se ne može zaustaviti, niti uništiti – i konačno će zbrisati svet.  \r\n\r\nU očajničkom traganju za odgovorima, Bizeza najpre dospeva na Mars, a potom i na Mir, kome i samom preti zatiranje. Čini se da je kraj neizbežan. Međutim, u trenutku kad čovečanstvo sagledava sasvim nove, iznenađujuće činjenice o prirodi Prvorođenih i njihovim zastrašujućim planovima u vezi s ljudskom rasom, iz sveta udaljenog mnogo svetlosnih godina pojavljuje se neočekivani saveznik.\r\n\r\n„Čudesno priča... svojim dramatičnim idejama o suštini postojanja oduzima dah.“\r\nChicago Tribune\r\n', '../images/prvorodjeni.jpg', 500, '1010.00', 1),
(36, 'Put kraljeva', 'Brendon Sanderson', 'Brendon Sanderson, u svetskim razmerama poznat po svojoj završnici legendarnog serijala Točak vremena, romanom Put kraljeva otpočinje svoju epsku sagu Arhiva olujne svetlosti.\r\n\r\nRošar je svet kamenja i oluja. Neverovatno silni zlehudi orkani šibaju stenje i krš toliko često da su oblikovali kako životno okruženje tako i civilizaciju. Životinje se kriju u ljušturama, drveće uvlači granje a trava se povlači u kameno tle, bez zemljanog pokrivača.\r\n\r\nStoleća su prošla od posrnuća deset svetih viteških redova, zvanih Blistavi vitezovi, ali njihovi ivermačevi i iveroklopi i dalje su tu: mistična sečiva i oklopi koji najobičnije ljude pretvaraju u bezmalo nepobedive ratnike. Ratovi se zarad njih vode – i njima dobijaju.\r\n\r\nJedan rat već besni krševnim krajolikom zvanim Smrskane ravnice. Kaladin, čovek koji se odrekao šegrtovanja za vidara da bi uzeo koplje u ruke sa ciljem da zaštiti svog brata, pretvoren je u roba i zahvaćen besmislenim sukobom u kojem se deset vojski, svaka za sebe, nadmeće protiv zajedničkog dušmanina.\r\n\r\nSvetli gospodar Dalinar Kolin zapoveda jednom od tih vojski. Baš kao njegov brat, pokojni kralj, opčinjen je drevnom knjigom koja nosi naslov Put kraljeva. Onespokojen nesavladivim snoviđenjima u kojima mu se prikazuju drevna vremena i Blistavi vitezovi, on počinje da sumnja u svoj zdrav razum.\r\n\r\nNa drugoj obali okeana mlada žena po imenu Šalan teži da postane učenica ugledne učenjakinje i zloglasnog jeretika, Dalinarove bratanice, Džasne. Premda istinski voli da uči, Šalanine pobude zapravo nisu iskrene. Dok priprema drsku krađu, istraživanje koje sprovodi po Džasninom nalogu otkriva joj nagoveštaje tajni Blistavih vitezova i pravog uzroka rata.\r\n\r\nPlod desetogodišnje pripreme, pisanja i sazdavanja sveta, Put kraljeva je tek prva nota u Arhivi olujne svetlosti, smelom remek-delu epske fantastike.\r\n', '../images/put_kraljeva.jpg', 500, '1380.00', 2),
(37, 'Ranjena domaja', 'Stiven Donaldson', 'Tomas Kovenant se vraća u Domaju. Starih poglavara više nema, Domajom vlada Klava uz pomoć Vatrokobi, znanstvo drveta i kamena je zaboravljeno. Predanja su zasejana mržnjom prema nekadašnjem svetu punom duše i lepote. Izopačenje je potpuno, zemna moć je pred potpunim uništenjem. Rešenje Kovenant vidi u potrazi za Jedinim drvetom od kojeg se može napraviti novo Žezlo zakona. S njim u potragu kreće i doktorka Linden Averi, koja je u Domaju stigla zajedno s Tomasom Kovenantom. Za borbu s poglavarom Kletnikom Tvorac ju je odabrao rečima: ne boj se kćeri na svetu postoji i ljubav.', '../images/ranjena_domaja.jpg', 500, '1250.00', 2),
(38, 'Reči blistavosti', 'Brendon Sanderson', 'Druga knjiga Arhive olujne svetlosti.\r\n\r\nSerijal Arhiva olujne svetlosti započet je romanom Put kraljeva. Sada se u Rečima blistavosti epska saga nastavlja i daje odgovor na mnoga pitanja postavljena u prvom romanu.\r\n\r\nPre šest godina, Ubica u belom, najamnik tajanstvenih Paršendija, ubio je aletskog kralja baš u noći kada se slavio sporazum između ljudi i Paršendija. Tako su aletski visoki kneževi položili Zavet osvete i pošli u rat.\r\n\r\nSada Ubica u belom opet napada vladare širom Rošara, služeći se svojim zagonetnim moćima da osujeti sve telohranitelje i utekne progoniteljima. Njegova glavna meta je visoki knez Dalinar, za kojeg se smatra da poseduje prava moć aletskog prestola. Njegova vodeća uloga u ratu protiv Paršendija deluje kao dovoljan razlog, ali Ubičin gospodar zapravo ima daleko dublje pobude.\r\n\r\nIako su njegovi neprijatelji očekivali da će bedno nastradati kao vojni rob, Kaladin je uspeo da preživi i postane zapovednik kraljevskih telohranitelja, što je izazvalo polemike jer je to prvi put da se niskorodni „tamnooki“ uspne na tako visok položaj. On sada mora da i kralja i Dalinara čuva kako od svih uobičajenih opasnosti, tako i od Ubice, sve vreme se krišom trudeći da ovlada izvanrednim novim moćima koje su nekako u vezi sa Sil, njegovim častsprenom. \r\n', '../images/reci_blistavosti.jpg', 500, '1470.00', 2),
(39, 'Red magle', 'Brendon Sanderson', '„Dramatičan i iznenađujuć vrhunac priče. Izvanredna saga o odanosti, veri i odgovornosti.“ Publishers Weekly\r\n\r\nKo je heroj doba?\r\n\r\nDa bi srušila Poslednje carstvo i povratila slobodu narodu, Vin je ubila Gospoda Vladara. Ali, posledica toga je povratak Jaza - smrtonosnog vida sveprisutne magle, kao i sve češće i jače padavine pepela i sve silniji zemljotresi. Izgleda da je čovečanstvo osuđeno na propast.\r\n\r\nIzbegavši sigurnu smrt u završnici Zdenca uspenja samo zahvaljujući tome što je postao maglar, car Elen Ventur se nada da će otkriti tragove koje je ostavio Gospod Vladar i da će mu ti tragovi omogućiti da spase svet. Vin izjeda griža savesti zbog toga što je prevarena da iz Zdenca oslobodi tajanstvenu silu znanu kao Propast, koja želi da uništi svet i koja se čini nezaustavljivom, zahvaljujući svojoj sveprisutnosti i moćima da menja stvarnost. Vin čak ne može ni da razgovara sa Elendom, da Popast ne bi saznao za njihove namere!\r\n\r\nZavršnica trilogije Red magle je ispunjenje obećanja iz prva dva toma. Veze i nagoveštaji ukorenjeni u prvim poglavljima ove trilogije bivaju protumačeni, a zapanjujuća iznenađenja zadiviće čitaoce. Sve vodi do završnice kojoj po originalnosti i smelosti nema ravne i nakon koje će čitaoci u čudu trljati oči, kao da su se prenuli iz čudesnog sna.\r\n', '../images/red_magle.jpg', 500, '1290.00', 2),
(40, 'Sećanje na svetlost', 'Robert Džordan , Brendon Sanderson', 'Poslednja knjiga serijala Točak vremena.\r\n\r\n„I bi u tim vremenima, kao što bejaše ranije i kao što će biti ponovo, da se Mrak spustio teško na zemlju i stegao srca ljudi, a sve što je zeleno venulo je i nada je umirala. I ljudi zavapiše Tvorcu, govoreći: ’O, Svetlosti nebesa, Svetlosti sveta, neka Obećani bude rođen na planini, prema proročanstvima, kao što bejaše u dobima prošlim i kao što će biti u dobima budućim. Neka Princ jutra peva zemlji da bi se sve zelenilo i raslo i da bi se doline napunile jaganjadima. Neka nas ruka Gospodara zore zakloni od mraka i neka nas veliki mač pravde brani. Neka Zmaj jaše ponovo na vetrovima vremena.\"\r\n(iz Čaral Drijanaan te Kalamon, Ciklus Zmaja.\r\nNepoznati autor, Četvrto doba)\r\n\r\nTočak vremena se okreće i doba dolaze i prolaze. Sve što jeste, što je bilo i što će biti još može da padne pod senku.\r\n', '../images/secanje.jpg', 500, '1360.00', 2);
INSERT INTO `knjige` (`kid`, `naslov`, `autor`, `opis`, `slika`, `prodato_komada`, `cena`, `category_id`) VALUES
(41, 'Severna svetlost', 'Filip Pulman', 'Prvi deo trilogije Njegova mračna tkanja.\r\n\r\nKarnegijeva medalja za književnost.\r\n\r\n„Knjiga kakva iskrsava veoma retko i odmah postaje klasik.“ Junior Education\r\n\r\nDvanaestogodišnja Lajra živi kao usvojenica u koledžu Džordan. Njen život se okreće naglavačke pojavljivanjem dva moćna posetioca. Prvi je njen zastrašujući stric lord Asrijel, koji naučnicima koledža prikazuje dokaze o čudnoj pojavi na dalekom severu, između ostalog fotografije tajanstvenog nebeskog fenomena pod imenom Prah i nejasnih obrisa grada unutar Aurore Borealis, za koji on pretpostavlja da je deo nekog drugog sveta. Drugi posetilac, gospođa Koulter, zagonetna naučnica i istraživač, obasipa Lajru pažnjom koja joj je nedostajala. Ali ništa nije onako kako izgleda. Uskoro Lajra biva uvučena u veliku avanturu na Severu, gde će doći do naučne stanice u kojoj se izvode eksperimenti suviše strašni da bi se o njima pričalo. Da bi preživela, ona mora da stigne tamo gde nije niko pre nje – iza Severne svetlosti…\r\n\r\n„Predivno napisana, prepuna iznenađenja, dirljiva, intelektualno zabavna priča koja pokazuje zapanjujuću piščevu maštu.“ Times Educational Supplement\r\n\r\n„Ova knjiga će stostruko nagraditi pažnju koju joj posvetite.“ Book Review\r\n\r\n„Severna svetlost pripada najvećim dometima savremene književnosti. Pulmanovo pripovedanje namenjeno čitaocima od 9 do 99 godina (najmanje) nagoni kritičare da zadovoljno predu.“ Evening Standard\r\n', '../images/severna_svetlost.jpg', 500, '1100.00', 2),
(42, 'Strah mudroga', 'Patrik Rotfus', '„Vredelo je čekati Strah mudroga. Progutao sam je za dan i nestrpljivo iščekujem nastavak. Taj Rotfus je stvarno prokleto dobar.“ Džordž R. R. Martin, autor Igre prestola\r\n\r\n„Tri su stvari od kojih svako mudar strahuje: uzburkano more, noć bez meseca i gnev mirnog čoveka.“\r\n\r\nČovek je nestao. Ostao je mit. Kvout – ubica zmajeva, čuveni mačevalac, najstrašniji, najslavniji i najzloglasniji čarobnjak koga je svet ikada video – iščezao je bez upozorenja i bez traga. A čak i sada, kada je pronađen, kad se nad svetom nadvija tama, on se ne vraća.\r\n\r\nAli njegova priča i dalje živi i, prvi put, Kvout će je ispričati...\r\n\r\nPošto se zamerio jednom moćnom plemiću, Kvout je primoran da napusti Univerzitet i krene u svet u potrazi za srećom. Prepušten sam sebi i bez novca on odlazi u Vintas gde ubrzo biva uvučen u dvorske spletke. Dok pokušava da se dodvori jednom moćnom plemiću, Kvout razotkriva pokušaj ubistva, nalazi suparnika u još jednom ezoteričaru.\r\n', '../images/strah_mudroga.jpg', 500, '1560.00', 2),
(43, 'Sunčani rat', 'Piter V. Bret', '„Bret je dobar da bolji ne može biti. Najtoplije preporučujem.“ Robert H. Bedford, Tor.com\r\n\r\nU noći mladog meseca brojni demoni ustaju želeći smrt izvesne dvojice ljudi. I jedan i drugi bi mogli postati legendarni Izbavitelj, čovek koji će, ako je verovati proročanstvu, iznova ujediniti rasute ostatke čovečanstva i povesti ih u konačni napad kako bi jednom zasvagda uništili demonske utrobnike.\r\n\r\nArlen Stog je nekada bio običan čovek, ali postao je nešto više – Iscrtani Čovek, istetoviran drevnim simbolima, toliko moćnim da se on sada može meriti sa svakim demonom. Arlen neprestano poriče da je Izbavitelj, ali što se više trudi da se srodi s prostim narodom, to oni zagriženije veruju u njega. Mnogi bi ga sledili, ali put preti da Arlena odvede u tamu, u koju može otputovati samo on sam, i odakle možda nema povratka.\r\n\r\nAman Džardir je od ratobornih krazijskih plemena stvorio vojsku za ubijanje demona i proglasio se za Šar’Damu Kaa, Izbavitelja. On nosi drevno oružje – koplje i krunu – kao svedočanstvo da mu ova titula po pravu pripada. Ogromna područja zelenpredela već se klanjaju pred njim.\r\n\r\nNekada su Arlen i Džardir bili bliski kao braća. Sada su ljuti suparnici. Dok se neprijatelji ljudskog roda izdižu iz Utrobe zemlje, jedina dvojica sposobna da ih poraze sukobljavaju se zbog najsmrtonosnijeg demona od svih – onog što se skriva u ljudskom srcu.\r\n\r\n„Bretova proza i dinamika i dalje su praktično bez premca; čita se glatko, i neka vas ne grize savest ako preskočite dva obroka samo da biste ležali na kauču i čitali dalje.“ Fixed on Fantasy\r\n\r\n„Bret potvrđuje da mu je mesto u epskofantastičnom panteonu velikana, zajedno sa autorima poput Džordža R. R. Martina, Stivena Eriksona i Roberta Džordana.“ Fantasy Book Critic \r\n', '../images/suncani_rat.jpg', 500, '1420.00', 2),
(44, 'Susret sa Ramom', 'Artur Klark', 'Apsolutni klasik SF književnosti.\r\n\r\nDobitnjik nagrada Kembel, Hugo, Jupiter i Nebula.\r\n\r\nRama je ogromna vanzemaljska svemirska letilica koja ulazi u naš Sunčev sistem. Savršen cilindar dugačak nekih pedeset kilometara koji se brzo okreće i juri kroz svemir. Rama je tehnološko čudo, misteriozna i potpuno enigmatična vanzemaljska tvorevina. To je prvi posetilac ljudskoj vrsti sa zvezda i mora biti istražen…\r\n\r\n„Jedan od najboljih romana koje je Klark napisao… ispunjen iznenađenjima i  zagonetkama.“\r\nSunday Times\r\n\r\n„Osetićete taj jezivi dodir vanzemaljskog i nesaznatljivog koji izdvaja SF kao tehnički najmaštovitiji žanr.“\r\nThe New York Times\r\n', '../images/susret_sa_ramom.jpg', 500, '1050.00', 1),
(45, 'Suvišni izveštaj', 'Filip K. Dik', 'Zamislite budućnost u kojoj gotovo da nema zločina, a ubistvo se doživljava kao fenomen iz prošlosti? Zahvaljujući predviđanjima o kojima izveštavaju tri prekognita (bića koja su sposobna da vide neku od mogućih budućnosti), policija lišava slobode potencijalne zločince pre nego što stignu da izvrše naumljeni zločin. Ali šta ako njihovi izveštaji ne budu tačni ili, još gore, budu pogrešno shvaćeni? Vagajući između društvene uređenosti, mita o sigurnosti i lične slobode, Filip K. Dik je ispisao jednu od svojih najzanimljivijih meditacija na jednu od njegovih već dobro poznatih tema. Možemo se svakako prisetiti i Spilbergove istoimene ekranizacije ove novele koja je u godini kada je nastala zabeležila rekordnu gledanost, kao uostalom i sve ekranizacije Dikovih dela decenijama unazad.', '../images/suvisni_izvestaj.jpg', 500, '990.00', 1),
(46, 'Svet leda i vatre', 'Džordž R. R. Martin', 'Neispričana povest Vesterosa i Igre prestola.\r\n\r\nDo sada neviđena istorija Vesterosa i bliskih i dalekih zemalja.\r\n\r\nSa stotinama stranica potpuno novog materijala iz pera Džordža R. R. Martina\r\n\r\nAko je prošlost prolog, onda remek-delo Džordža R. R. Martina – najmaštovitija i najneodoljivija fantastična saga našeg doba – zahteva jedan velik i ozbiljan uvod. Sada je on napokon pred nama – Svet leda i vatre.\r\n\r\nOva bogato opremljena knjiga – sa više od sto sedamdeset originalnih ilustracija u boji – predstavlja sveobuhvatnu istoriju Sedam kraljevstava i pruža žive opise epskih bitaka, ljutih suparništava i smelih buna iz kojih su proistekli događaji opisani u romanima iz ciklusa Pesma leda i vatre i prikazani u televizijskoj seriji Igra prestola. Ovo je zajedničko delo Martina i njegovih dugogodišnjih saradnika Elija M. Garsije i Linde Antonson, osnivača čuvenog sajta Westeros.org – možda jedinih ljudi koji ovaj svet poznaju jednako dobro kao njegov tvorac.\r\n\r\nMeđu ovim koricama objedinjena su sva sakupljena znanja, učena nagađanja, sačuvana narodna predanja, koja su nam u nasleđe ostavili meštri i obrednici, magovi i pevači. To je letopis koji obuhvata vekove od doba praskozorja i doba junaka do dolaska prvih ljudi i iskrcavanja Egona Osvajača; od Egonovog kovanja Gvozdenog prestola do Robertove bune i pada Ludog Kralja, Erisa II Targarjena, što je dovelo do „sadašnjih“ borbi Starkova, Lanistera, Barateona i Targarjena. Najpotpuniji prateći materijal za čudesno osmišljeni svet Džordža R. R. Martina, Svet leda i vatre je istinski dokaz da je pero moćnije od oluje mačeva. \r\n', '../images/led_i_vatra.jpg', 500, '1080.00', 2),
(47, 'To', 'Stiven King', 'Grupa odvažne dece, koja je leta 1958. sišla u kanalizacijsku mrežu ispod ukletog gradića Derija kako bi uništila čudovišno stvorenje, ponovno je na okupu, dvadeset osam godina kasnije. Ove sada odrasle ljude posvećene poslu i rasute širom Amerike, obećanje iz prošlosti pozvaće natrag u Deri: To se opet pokrenulo i započelo novu seriju jezivih zločina.\r\n\r\nIstorija se ponavlja: skoro svi učesnici epske borbe sada su ponovo na broju, spremni da se opet uhvate u koštac s neverovatnim. To, međutim, zna da magija dečjeg verovanja u nemoguće slabi s godinama i da članovi Kluba gubitnika kao odrasli nemaju šanse u ovoj borbi na život i smrt, osim, možda, pomoću čarobnog praha detinjstva…\r\n\r\nJedan od najboljih romana strave i užasa, najambiciozniji Kingov poduhvat, priča o strahu, hrabrosti i dečjem prijateljstvu – knjiga koju nikada nećete zaboraviti!\r\n\r\n„Najbolji roman majstora horor žanra!“ People\r\n', '../images/to.jpg', 500, '1220.00', 3),
(48, 'Uporište', 'Stiven King', 'Smak sveta nastupa u nanosekundi, sa računarskom greškom u tajnoj vojnoj laboratoriji i milion slučajnih kontakata koji su samo karike u lančanom pismu smrti.\r\n\r\nA evo i sumornog sveta posle toga: sveta lišenog svih institucija i devedeset procenata stanovnika. To je svet u kojem šačica uspaničenih preživelih bira stranu – ili biva izabrana. Svet u kojem dobro počiva na krhkim plećima Majke Ebigejl stare 108 godina – dok su najgori košmari zla otelotvoreni u čoveku smrtonosnog osmeha i neobjašnjivih moći: u Rendalu Flegu, mračnjaku.\r\n', '../images/uporiste.jpeg', 500, '1100.00', 3),
(49, 'Vukodav', 'Marija Semjonova', 'Slovenski Gospodar prstenova!\r\n\r\nVišemilionski bestseler!\r\n\r\nVukodav – prvi deo fascinantne tetralogije o neustrašivom junaku iz roda Sivog Psa. Majstorski ispripovedana, ova herojska saga o dobru i zlu, prijateljstvu i ratu, ljubavi i smrti, priziva nam u sećanje najbolje stranice Gospodara prstenova, Princa Valijanta, Konana…\r\n\r\nI dok s neverovatnom lakoćom uvodi čitaoca u arhetipski svet vanvremenih ljudskih vrednosti, ona istovremeno uspeva da upečatljivo oživi „senke zaboravljenih predaka“: nepravedno zanemareni univerzum Starih Slovena, svakodnevni život njihovih plemena, raznolikost običaja i mitologije.\r\n\r\nU iščekivanju najavljene ekranizacije ovog višemilionskog bestselera, čitaoci će imati zadovoljstvo da uživaju u mitskoj atmosferi svojstvenoj retkim i dragocenim knjigama koje su u stanju da nakratko zaustave vreme i otkriju nam čitav jedan nepoznati svet…\r\n', '../images/vukodav.jpg', 500, '1450.00', 2),
(50, 'Vukovi kale', 'Stiven King', 'Peti nastavak sage o Revolverašima i njihovoj potrazi za Mračnom kulom, Vukovi Kale, uvodi čitaoce u nova prostranstva Srednjeg sveta. Roland, Edi, Suzana i Džejk naći će se pred novim iskušenjima, svetovima i upoznati ljude koji žive pod stalnom pretnjom Vukova koji povremeno dolaze u kale i otimaju decu. Kao i pre, čitalac će disati sa starim junacima, ali upoznaće i ’nove’ Kingove likove koji povezuju ovu priču sa drugim pričanjima iz njegovog impozantnog književnog opusa. Još jednom, King dokazuje da je majstor u pripovedanju i da njegovom umeću pripovedanja i imaginaciji nema kraja.\r\n\r\nPridružite se Revolverašima u njihovom nastojanju da spasu svetove. \r\n', '../images/vukovi_kale.jpg', 500, '1010.00', 3),
(51, 'Zadužbina', 'Isak Asimov', 'U dalekoj budućnosti, u kojoj je planeta Zemlja samo zaboravljena tačkica u svemiru, beskrajno Galaktičko carstvo je u krizi. Jedina osoba sposobna da se suoči s katastrofom koja preti jeste Hari Seldon, psihoistoričar i matematičar. On može naučno predvideti budućnost, a ona ne izgleda nimalo lepo – mračno doba neznanja, varvarizma i ratova trajaće trideset hiljada godina. Kako bi sačuvao celokupno ljudsko znanje i ljudsku rasu, s grupom odabranih naučnika upućuje se na zabačenu i pustu planetu Terminus, s namerom da tamo napišu Enciklopediju Galaktika, zbirku sveg ljudskog znanja. Ali da bi se ona završila potrebne su generacije naučnika, a ko će preuzeti baklju nakon Seldona?\r\n\r\nNajbolji serijal u istoriji naučne fantastike\r\n\r\nTrilogija Zadužbina dobila je nagradu Hjugo za najbolji SF serijal svih vremena. Prevedena je na sve značajnije svetske jezike i prodata u preko 20 miliona primeraka.\r\n', '../images/zaduzbina.jpg', 500, '1210.00', 1),
(52, 'Zadužbina i carstvo', 'Isak Asimov', 'Prebrodivši brojne krize i napade neprijateljskih svetova, Zadužbina je suočena s najvećom krizom dosad. U svemiru se pojavio neobični osvajač, pred kojim na volšeban način padaju i najjači. Njegova moć je očigledna, ali je njegova ličnost obavijena velom misterije. A najstrašnije je to što psihoistorijska nauka Harija Seldona nije predvidela njegovo postojanje. Da li će tajanstveni Mazgov skrenuti Zadužbinu s puta ka izbavljenju ljudske rase iz višemilenijumskog pakla varvarizma? Na horizontu se kao izlaz pomalja Druga Zadužbina, osnovana na kraju galaksije, a pitanje koje se nameće stanovnicima Zadužbine jeste Kakav je bio stvarni plan Harija Seldona i psihoistoričara?\r\n\r\nNajbolji serijal u istoriji naučne fantastike\r\n\r\nTrilogija Zadužbina dobila je nagradu Hjugo za najbolji SF serijal svih vremena. Prevedena je na sve značajnije svetske jezike i prodata u preko 20 miliona primeraka.\r\n', '../images/zaduzbina_carstvo.jpg', 500, '1020.00', 1),
(53, 'Zadužbina i zamlja', 'Isak Asimov', 'Vekovima nakon pada Prvog galaktičkog carstva sudbina čovečanstva nalazi se u rukama Golana Treviza, bivšeg savetnika Prve Zadužbine. Nažalost, on je odabrao kolektivni um galaksije kao najbolju alternativu za budućnost koja treba da prevaziđe haos. Sa sumnjom u svoj izbor, Treviz odlučuje da sazna kako je izgledala prošlost i kreće na putovanje u potragu za legendarnom domovinom čovečanstva – Zemljom, u nadi da će tamo pronaći odgovore za svoju dilemu. Ali Zemlja je izgubljena već hiljadama godina i niko ne može zasigurno da kaže gde se ona nalazi, i da li uopšte više postoji, a svi podaci o njoj izbrisani su iz galaktičkih biblioteka. Društva koja Treviz tokom putovanja upoznaje polako postaju tema obimnog dijaloga o sudbini čoveka koji vodi sa svojim saputnikom Blisom. Treviz naslućuje da mu se odgovori koje bude pronašao uopšte neće svideti...\r\n\r\nZadužbina i Zemlja, završna knjiga serijala Zadužbina i hronološki poslednja, napisana je četiri godine nakon romana Na rubu Zadužbine. Na rubu Zadužbine i Zadužbina i Zemlja napisane su više od trideset godina nakon čuvene trilogije Zadužbina.\r\n\r\nIsak Asimov (1920–1992) jedan je od najvećih pisaca naučne fantastike u istoriji. Poznat je po svojim serijalima o Zadužbini i robotima, koje je u kasnijem periodu života spojio u jedinstven ciklus, kao i po nizu izvanrednih samostalnih romana i priča.\r\n', '../images/zaduzbina_i_zemlja.jpg', 500, '1130.00', 1);

-- --------------------------------------------------------

--
-- Table structure for table `users`
--

CREATE TABLE `users` (
  `id` int(11) NOT NULL,
  `ime` varchar(50) COLLATE utf8mb4_unicode_ci NOT NULL,
  `email` varchar(50) COLLATE utf8mb4_unicode_ci NOT NULL,
  `password` varchar(50) COLLATE utf8mb4_unicode_ci NOT NULL
) ENGINE=InnoDB DEFAULT CHARSET=utf8mb4 COLLATE=utf8mb4_unicode_ci;

--
-- Dumping data for table `users`
--

INSERT INTO `users` (`id`, `ime`, `email`, `password`) VALUES
(1, 'Milan', 'milan@gmail.com', '123456'),
(2, 'Dragan', 'dragan@gmail.com', '654321'),
(3, 'admin', 'admin@gmail.com', '333333');

--
-- Indexes for dumped tables
--

--
-- Indexes for table `category`
--
ALTER TABLE `category`
  ADD PRIMARY KEY (`cid`);

--
-- Indexes for table `knjige`
--
ALTER TABLE `knjige`
  ADD PRIMARY KEY (`kid`),
  ADD KEY `category_id` (`category_id`);

--
-- Indexes for table `users`
--
ALTER TABLE `users`
  ADD PRIMARY KEY (`id`);

--
-- AUTO_INCREMENT for dumped tables
--

--
-- AUTO_INCREMENT for table `category`
--
ALTER TABLE `category`
  MODIFY `cid` int(11) NOT NULL AUTO_INCREMENT, AUTO_INCREMENT=4;

--
-- AUTO_INCREMENT for table `knjige`
--
ALTER TABLE `knjige`
  MODIFY `kid` int(11) NOT NULL AUTO_INCREMENT, AUTO_INCREMENT=54;

--
-- AUTO_INCREMENT for table `users`
--
ALTER TABLE `users`
  MODIFY `id` int(11) NOT NULL AUTO_INCREMENT, AUTO_INCREMENT=4;

--
-- Constraints for dumped tables
--

--
-- Constraints for table `knjige`
--
ALTER TABLE `knjige`
  ADD CONSTRAINT `knjige_ibfk_1` FOREIGN KEY (`category_id`) REFERENCES `category` (`cid`);
COMMIT;

/*!40101 SET CHARACTER_SET_CLIENT=@OLD_CHARACTER_SET_CLIENT */;
/*!40101 SET CHARACTER_SET_RESULTS=@OLD_CHARACTER_SET_RESULTS */;
/*!40101 SET COLLATION_CONNECTION=@OLD_COLLATION_CONNECTION */;
